country_code,year,gdp_per_capita
ABW,2004,22566.68216
AND,2004,29372.16674
AFG,2004,220.0562878
AGO,2004,1229.342988
ALB,2004,2320.89233
ARB,2004,3169.359695
ARE,2004,40403.98817
ARG,2004,3997.243288
ARM,2004,1182.09736
ATG,2004,11076.06362
AUS,2004,30464.00376
AUT,2004,35662.21182
AZE,2004,1045.026415
BDI,2004,121.8593036
BEL,2004,34706.6939
BEN,2004,511.2929789
BFA,2004,371.2179868
BGD,2004,400.4724749
BGR,2004,3249.287396
BHR,2004,16027.34476
BHS,2004,22005.0031
BIH,2004,2578.738087
BLR,2004,2378.374894
BLZ,2004,3991.284334
BMU,2004,70359.31911
BOL,2004,954.9220895
BRA,2004,3607.191571
BRB,2004,12893.59123
BRN,2004,21819.28674
BTN,2004,1108.518343
BWA,2004,4829.516059
CAF,2004,326.1973133
CAN,2004,31011.91122
CHE,2004,50641.8372
CHI,2004,55842.65838
CHL,2004,6223.973768
CHN,2004,1490.380056
CIV,2004,902.9864166
CMR,2004,892.5257391
COG,2004,1347.870907
COL,2004,2752.913454
COM,2004,619.1105121
CPV,2004,2159.232334
CRI,2004,4379.391063
CSS,2004,6163.778449
CUB,2004,3388.766954
CYP,2004,21380.90308
CZE,2004,11177.3604
DEU,2004,33040.05141
DJI,2004,869.8001789
DMA,2004,5218.298606
DNK,2004,45282.068
DOM,2004,2407.18928
DZA,2004,2549.957193
EAP,2004,1415.348465
EAS,2004,4452.916791
ECA,2004,3173.945443
ECS,2004,17370.61946
ECU,2004,2704.665155
EGY,2004,1116.925161
EMU,2004,30117.40878
ERI,2004,237.7127366
ESP,2004,24337.5105
EST,2004,8871.710247
ETH,2004,134.2795789
EUU,2004,26769.93901
FIN,2004,36162.65601
FJI,2004,3330.309969
FRA,2004,32784.83363
FRO,2004,34520.88742
FSM,2004,2247.837771
GAB,2004,5328.485186
GBR,2004,37027.04412
GEO,2004,1186.873047
GHA,2004,426.2635109
GIN,2004,390.8845623
GMB,2004,415.8139687
GNB,2004,375.7946289
GNQ,2004,8943.676286
GRC,2004,20607.17607
GRD,2004,5844.959725
GRL,2004,28903.93583
GTM,2004,1937.715706
GUY,2004,1038.285476
HIC,2004,28431.26062
HKG,2004,24928.10037
HND,2004,1297.192455
HPC,2004,382.6937996
HRV,2004,9237.116223
HTI,2004,400.9321739
HUN,2004,10084.52184
IDN,2004,1160.614924
IMN,2004,34624.48674
IND,2004,649.7106479
IRL,2004,45766.41689
IRN,2004,2353.930989
IRQ,2004,1373.192582
ISL,2004,45370.12645
ISR,2004,18588.80505
ITA,2004,29832.6129
JAM,2004,3862.063372
JOR,2004,2156.439822
JPN,2004,36441.50449
KAZ,2004,2874.288291
KEN,2004,462.0497683
KGZ,2004,433.2351189
KHM,2004,405.9378328
KIR,2004,1149.376123
KNA,2004,10275.46966
KOR,2004,15028.81032
KSV,2004,2135.332847
KWT,2004,27061.88577
LAC,2004,3993.235476
LAO,2004,415.2222521
LBN,2004,5654.234093
LBR,2004,146.6412405
LBY,2004,6062.214524
LCA,2004,5250.552921
LCN,2004,4220.693188
LDC,2004,354.9965087
LIC,2004,301.8876447
LIE,2004,100286.6675
LKA,2004,1063.160584
LMC,2004,796.2113733
LMY,2004,1471.937424
LSO,2004,645.4934642
LTU,2004,6677.833052
LUX,2004,74388.70863
LVA,2004,6080.789964
MAC,2004,22371.61368
MAR,2004,1881.964721
MCO,2004,123263.6132
MDA,2004,720.9409321
MDG,2004,245.6704529
MDV,2004,3677.220875
MEA,2004,3652.278175
MEX,2004,7083.468525
MHL,2004,2517.693389
MIC,2004,1658.168216
MKD,2004,2643.802568
MLI,2004,421.1704288
MLT,2004,14064.2296
MNA,2004,1899.843669
MNE,2004,3372.957075
MNG,2004,798.0243785
MOZ,2004,278.7826934
MRT,2004,600.0622771
MUS,2004,5177.366465
MWI,2004,208.8557635
MYS,2004,4918.166731
NAC,2004,40859.28034
NAM,2004,3298.010724
NER,2004,240.2174387
NGA,2004,645.9256502
NIC,2004,1075.98338
NLD,2004,37458.43287
NOC,2004,8698.740096
NOR,2004,56627.65738
NPL,2004,291.8690418
NZL,2004,25194.81413
OEC,2004,33048.58787
OED,2004,28941.31437
OMN,2004,10013.63322
OSS,2004,2671.405857
PAK,2004,631.4978143
PAN,2004,4292.41963
PER,2004,2544.351348
PHL,2004,1084.765467
PLW,2004,9635.395876
PNG,2004,660.1899982
POL,2004,6620.070424
PRI,2004,20698.07295
PRT,2004,17684.06738
PRY,2004,1386.746044
PSS,2004,2340.659179
QAT,2004,44051.65727
ROU,2004,3533.266078
RUS,2004,4108.562327
RWA,2004,225.7513898
SAS,2004,617.1613915
SAU,2004,10853.62751
SDN,2004,557.2210234
SEN,2004,732.281235
SGP,2004,27047.13995
SLB,2004,819.3262838
SLE,2004,290.4135258
SLV,2004,2611.161072
SMR,2004,44976.36854
SRB,2004,3168.880708
SSA,2004,749.1553144
SSD,2004,
SSF,2004,755.6752335
SST,2004,3532.420054
STP,2004,707.7886381
SUR,2004,3007.925792
SVK,2004,10437.50991
SVN,2004,16944.18953
SWE,2004,40261.12201
SWZ,2004,2211.09193
SYC,2004,10173.57497
SYR,2004,1419.264181
TCD,2004,456.7944314
TGO,2004,358.8603201
THA,2004,2478.817568
TJK,2004,311.5502447
TKM,2004,1455.93605
TLS,2004,471.0508001
TON,2004,2400.288891
TTO,2004,9985.215426
TUN,2004,3139.529118
TUR,2004,5866.744702
TUV,2004,2232.604876
TZA,2004,349.6209315
UGA,2004,285.9641541
UKR,2004,1367.352433
UMC,2004,2509.276134
URY,2004,4117.649447
USA,2004,41928.88614
UZB,2004,465.1198869
VCT,2004,4813.329728
VEN,2004,4282.015326
VNM,2004,606.8946902
VUT,2004,1788.017092
PSE,2004,1114.392564
WLD,2004,6680.496723
WSM,2004,2094.629506
YEM,2004,707.3734732
ZAF,2004,4659.623355
COD,2004,124.049698
ZMB,2004,486.7424372
ZWE,2004,457.3841445
ABW,2005,23302.83199
AND,2005,31268.96674
AFG,2005,252.4078925
AGO,2005,1706.543616
ALB,2005,2620.820724
ARB,2005,3795.715751
ARE,2005,43533.89178
ARG,2005,4740.067029
ARM,2005,1625.396904
ATG,2005,12135.54103
AUS,2005,34011.73864
AUT,2005,37067.32383
AZE,2005,1578.36733
BDI,2005,143.7835295
BEL,2005,36011.4694
BEN,2005,532.6109983
BFA,2005,406.9988043
BGD,2005,421.1233114
BGR,2005,3733.263161
BHR,2005,18156.37747
BHS,2005,23416.90369
BIH,2005,2821.78775
BLR,2005,3126.367778
BLZ,2005,4097.528685
BMU,2005,75882.03386
BOL,2005,1020.790305
BRA,2005,4739.305437
BRB,2005,14224.98245
BRN,2005,25913.57837
BTN,2005,1258.990995
BWA,2005,5294.379478
CAF,2005,340.9078669
CAN,2005,35087.89259
CHE,2005,51734.30389
CHI,2005,57209.24916
CHL,2005,7614.522058
CHN,2005,1731.125235
CIV,2005,940.7521438
CMR,2005,914.5531201
COG,2005,1718.100815
COL,2005,3392.924413
COM,2005,644.2731325
CPV,2005,2278.164757
CRI,2005,4621.364127
CSS,2005,6995.694072
CUB,2005,3776.470549
CYP,2005,22430.60642
CZE,2005,12736.23246
DEU,2005,33542.78138
DJI,2005,912.4992045
DMA,2005,5126.249862
DNK,2005,47546.59459
DOM,2005,3635.706812
DZA,2005,3038.748713
EAP,2005,1623.083789
EAS,2005,4700.096262
ECA,2005,3869.991853
ECS,2005,18444.42686
ECU,2005,3012.752437
EGY,2005,1249.49326
EMU,2005,31084.01768
ERI,2005,226.2898568
ESP,2005,25904.17315
EST,2005,10288.72867
ETH,2005,159.8314365
EUU,2005,27873.51615
FIN,2005,37318.79732
FJI,2005,3655.663836
FRA,2005,33818.97269
FRO,2005,35211.55269
FSM,2005,2352.63934
GAB,2005,6281.954684
GBR,2005,38440.74097
GEO,2005,1469.974624
GHA,2005,501.8642947
GIN,2005,306.7011791
GMB,2005,434.4954445
GNB,2005,402.9880469
GNQ,2005,13612.84793
GRC,2005,21620.7175
GRD,2005,6803.545292
GRL,2005,29903.28404
GTM,2005,2146.179053
GUY,2005,1084.179401
HIC,2005,29978.60746
HKG,2005,26649.7508
HND,2005,1401.991728
HPC,2005,424.4960768
HRV,2005,10090.36669
HTI,2005,448.5848301
HUN,2005,10936.94861
IDN,2005,1273.465176
IMN,2005,36289.87962
IND,2005,740.1142606
IRL,2005,48697.57924
IRN,2005,2737.112118
IRQ,2005,1824.699866
ISL,2005,54885.2613
ISR,2005,19330.02435
ITA,2005,30478.84559
JAM,2005,4189.655883
JOR,2005,2325.42541
JPN,2005,35781.23498
KAZ,2005,3771.278957
KEN,2005,523.6137892
KGZ,2005,476.4800976
KHM,2005,471.1625029
KIR,2005,1173.31415
KNA,2005,10916.19012
KOR,2005,17550.82581
KSV,2005,2194.372651
KWT,2005,35185.93067
LAC,2005,4781.734611
LAO,2005,472.4084631
LBN,2005,5483.17952
LBR,2005,165.7600834
LBY,2005,7864.937572
LCA,2005,5492.864914
LCN,2005,5034.865067
LDC,2005,405.4399743
LIC,2005,328.8858642
LIE,2005,105306.7466
LKA,2005,1242.40435
LMC,2005,904.055173
LMY,2005,1712.958835
LSO,2005,710.5483628
LTU,2005,7814.006137
LUX,2005,80925.21999
LVA,2005,7165.377699
MAC,2005,25189.77936
MAR,2005,1948.201997
MCO,2005,126599.4033
MDA,2005,831.1591092
MDG,2005,275.4767076
MDV,2005,3335.195
MEA,2005,4298.72977
MEX,2005,7858.76217
MHL,2005,2642.376249
MIC,2005,1935.13387
MKD,2005,2863.96318
MLI,2005,444.2846436
MLT,2005,14810.0352
MNA,2005,2178.859483
MNE,2005,3665.327437
MNG,2005,998.7563599
MOZ,2005,313.1079297
MRT,2005,694.3200828
MUS,2005,5054.318112
MWI,2005,213.1566745
MYS,2005,5553.943582
NAC,2005,43410.62128
NAM,2005,3582.24386
NER,2005,258.2817603
NGA,2005,804.1523667
NIC,2005,1158.997008
NLD,2005,39122.29108
NOC,2005,10364.97491
NOR,2005,65767.01961
NPL,2005,321.4550186
NZL,2005,27536.81043
OEC,2005,34565.96655
OED,2005,30349.8406
OMN,2005,12252.61288
OSS,2005,3017.050588
PAK,2005,693.1766897
PAN,2005,4594.481939
PER,2005,2863.48046
PHL,2005,1200.938178
PLW,2005,10364.63693
PNG,2005,804.0711094
POL,2005,7963.021208
PRI,2005,21670.02236
PRT,2005,18265.43187
PRY,2005,1479.403769
PSS,2005,2530.773076
QAT,2005,54228.83171
ROU,2005,4651.692261
RUS,2005,5337.065324
RWA,2005,273.7470892
SAS,2005,696.8783165
SAU,2005,13303.30974
SDN,2005,669.3966844
SEN,2005,772.526793
SGP,2005,29403.39246
SLB,2005,881.9616184
SLE,2005,317.9465763
SLV,2005,2814.93504
SMR,2005,46193.67269
SRB,2005,3391.371076
SSA,2005,850.9235178
SSD,2005,
SSF,2005,861.1179093
SST,2005,3982.996299
STP,2005,736.0783198
SUR,2005,3590.541042
SVK,2005,11414.60536
SVN,2005,17854.63533
SWE,2005,41040.66502
SWZ,2005,2339.289952
SYC,2005,11086.89098
SYR,2005,1588.505672
TCD,2005,663.7096974
TGO,2005,381.7820197
THA,2005,2689.953147
TJK,2005,339.7644428
TKM,2005,1706.956726
TLS,2005,487.3235855
TON,2005,2622.949225
TTO,2005,12405.05615
TUN,2005,3218.961081
TUR,2005,7129.58488
TUV,2005,2252.896696
TZA,2005,374.9992699
UGA,2005,313.7989764
UKR,2005,1828.717626
UMC,2005,2960.820889
URY,2005,5221.673188
USA,2005,44313.58524
UZB,2005,546.7768502
VCT,2005,5070.682447
VEN,2005,5444.662518
VNM,2005,699.4878933
VUT,2005,1886.38831
PSE,2005,1209.453855
WLD,2005,7140.280982
WSM,2005,2291.030636
YEM,2005,831.8802898
ZAF,2005,5185.849388
COD,2005,133.1002707
ZMB,2005,625.8537548
ZWE,2005,452.7890275
ABW,2006,24015.42061
AND,2006,34484.70086
AFG,2006,275.3509409
AGO,2006,2440.631716
ALB,2006,2872.260625
ARB,2006,4413.363762
ARE,2006,45554.2194
ARG,2006,5490.435174
ARM,2006,2126.089566
ATG,2006,13675.08524
AUS,2006,36113.0024
AUT,2006,39299.6143
AZE,2006,2472.997476
BDI,2006,158.3050232
BEL,2006,37918.7732
BEN,2006,557.2324469
BFA,2006,422.8448175
BGD,2006,427.291167
BGR,2006,4313.430636
BHR,2006,19459.73121
BHS,2006,23733.80768
BIH,2006,3199.896836
BLR,2006,3848.596299
BLZ,2006,4363.854688
BMU,2006,83912.6978
BOL,2006,1203.254183
BRA,2006,5787.975574
BRB,2006,15691.84826
BRN,2006,30613.27687
BTN,2006,1348.730837
BWA,2006,5341.397472
CAF,2006,365.4970833
CAN,2006,39256.7093
CHE,2006,54140.49815
CHI,2006,62263.83121
CHL,2006,9371.427857
CHN,2006,2069.343631
CIV,2006,983.2914236
CMR,2006,964.6015355
COG,2006,2120.097846
COL,2006,3712.785525
COM,2006,653.9537251
CPV,2006,2566.454022
CRI,2006,5128.400753
CSS,2006,7825.292078
CUB,2006,4666.988169
CYP,2006,23863.55546
CZE,2006,14488.37434
DEU,2006,35237.60326
DJI,2006,976.2929868
DMA,2006,5408.1078
DNK,2006,50462.23358
DOM,2006,3794.07334
DZA,2006,3391.367826
EAP,2006,1936.250891
EAS,2006,4949.74061
ECA,2006,4444.295768
ECS,2006,19902.7062
ECU,2006,3337.400363
EGY,2006,1472.570548
EMU,2006,32797.95963
ERI,2006,240.5468163
ESP,2006,27847.45096
EST,2006,12486.89215
ETH,2006,191.6040212
EUU,2006,29603.57595
FIN,2006,39487.05406
FJI,2006,3747.433691
FRA,2006,35457.05032
FRO,2006,39869.98014
FSM,2006,2393.800551
GAB,2006,6756.271159
GBR,2006,40819.89591
GEO,2006,1764.870436
GHA,2006,929.9455454
GIN,2006,287.9229857
GMB,2006,441.9196561
GNB,2006,398.2471791
GNQ,2006,15451.19974
GRC,2006,23475.22071
GRD,2006,6825.126244
GRL,2006,30620.21553
GTM,2006,2326.299385
GUY,2006,1905.555188
HIC,2006,31601.90881
HKG,2006,28224.21506
HND,2006,1540.580359
HPC,2006,492.263644
HRV,2006,11228.62138
HTI,2006,519.7491433
HUN,2006,11173.56951
IDN,2006,1601.031191
IMN,2006,42402.06631
IND,2006,830.1632213
IRL,2006,52118.80474
IRN,2006,3140.19809
IRQ,2006,2321.152171
ISL,2006,54813.95469
ISR,2006,21405.15946
ITA,2006,31776.97775
JAM,2006,4486.555676
JOR,2006,2719.822469
JPN,2006,34102.20617
KAZ,2006,5291.574368
KEN,2006,612.2325312
KGZ,2006,543.1107024
KHM,2006,536.6577307
KIR,2006,1138.284501
KNA,2006,12634.96332
KOR,2006,19676.14615
KSV,2006,2278.62418
KWT,2006,42011.77433
LAC,2006,5526.847518
LAO,2006,585.6405752
LBN,2006,5499.86465
LBR,2006,178.4537308
LBY,2006,9933.108824
LCA,2006,6072.297574
LCN,2006,5813.146667
LDC,2006,461.9502997
LIC,2006,352.423708
LIE,2006,113873.925
LKA,2006,1423.477215
LMC,2006,1058.889092
LMY,2006,1986.844117
LSO,2006,736.360043
LTU,2006,9201.635519
LUX,2006,90015.5278
LVA,2006,8986.401376
MAC,2006,30363.62373
MAR,2006,2128.074688
MCO,2006,135688.7999
MDA,2006,950.6988847
MDG,2006,292.956519
MDV,2006,4304.056158
MEA,2006,4958.537267
MEX,2006,8618.25138
MHL,2006,2752.323769
MIC,2006,2251.361764
MKD,2006,3133.319212
MLI,2006,496.7442831
MLT,2006,15766.09292
MNA,2006,2497.817556
MNE,2006,4370.597539
MNG,2006,1333.877158
MOZ,2006,328.7073992
MRT,2006,939.1562935
MUS,2006,5373.630551
MWI,2006,234.2123961
MYS,2006,6179.658221
NAC,2006,45743.93272
NAM,2006,3886.480583
NER,2006,266.5794323
NGA,2006,1014.756968
NIC,2006,1228.304847
NLD,2006,41458.93271
NOC,2006,12169.76417
NOR,2006,72959.76801
NPL,2006,352.8009747
NZL,2006,26359.61129
OEC,2006,36148.68906
OED,2006,31769.07471
OMN,2006,14405.09193
OSS,2006,3257.795183
PAK,2006,853.0709659
PAN,2006,4998.382679
PER,2006,3297.5558
PHL,2006,1398.826978
PLW,2006,10499.28297
PNG,2006,896.3948787
POL,2006,8958.012422
PRI,2006,22641.82777
PRT,2006,19177.4259
PRY,2006,1772.635329
PSS,2006,2627.52898
QAT,2006,62920.64413
ROU,2006,5789.244137
RUS,2006,6946.880998
RWA,2006,322.0379666
SAS,2006,785.489497
SAU,2006,14855.00096
SDN,2006,862.2867986
SEN,2006,807.9747355
SGP,2006,33088.74934
SLB,2006,950.0576082
SLE,2006,357.4061037
SLV,2006,3042.748428
SMR,2006,48757.89573
SRB,2006,3942.630985
SSA,2006,964.6620521
SSD,2006,
SSF,2006,976.2667699
SST,2006,4352.947646
STP,2006,781.991277
SUR,2006,5198.270131
SVK,2006,12842.24858
SVN,2006,19405.93327
SWE,2006,43948.61977
SWZ,2006,2636.185356
SYC,2006,12014.41808
SYR,2006,1772.56033
TCD,2006,716.638996
TGO,2006,387.4198489
THA,2006,3143.235855
TJK,2006,406.9634195
TKM,2006,2140.455026
TLS,2006,456.0155909
TON,2006,2912.882481
TTO,2006,14162.80542
TUN,2006,3394.310288
TUR,2006,7736.09839
TUV,2006,2353.403155
TZA,2006,369.4021499
UGA,2006,334.6391876
UKR,2006,2303.018831
UMC,2006,3446.628563
URY,2006,5879.340339
USA,2006,46443.8102
UZB,2006,642.9604146
VCT,2006,5610.608277
VEN,2006,6747.759125
VNM,2006,796.6543615
VUT,2006,2036.174187
PSE,2006,
WLD,2006,7640.385142
WSM,2006,2502.211263
YEM,2006,923.5306472
ZAF,2006,5407.258649
COD,2006,158.7273182
ZMB,2006,908.3817072
ZWE,2006,427.8343859
ABW,2007,25921.28214
AND,2007,39922.89012
AFG,2007,373.5914162
AGO,2007,3412.718998
ALB,2007,3380.894192
ARB,2007,5035.713339
ARE,2007,44488.64986
ARG,2007,6630.045926
ARM,2007,3079.144086
ATG,2007,15353.91419
AUS,2007,40996.31791
AUT,2007,45181.46759
AZE,2007,3851.325664
BDI,2007,162.8275094
BEL,2007,43255.39528
BEN,2007,632.3608696
BFA,2007,474.5899781
BGD,2007,467.1363614
BGR,2007,5581.414132
BHR,2007,21049.57341
BHS,2007,24321.06511
BIH,2007,3949.842081
BLR,2007,4735.953138
BLZ,2007,4509.322283
BMU,2007,90849.58698
BOL,2007,1355.879434
BRA,2007,7194.078944
BRB,2007,16335.95992
BRN,2007,32108.9238
BTN,2007,1760.60121
BWA,2007,5711.728492
CAF,2007,413.4814386
CAN,2007,43300.56091
CHE,2007,59663.77026
CHI,2007,73577.16661
CHL,2007,10383.49089
CHN,2007,2651.260121
CIV,2007,1102.882499
CMR,2007,1069.856826
COG,2007,2233.308252
COL,2007,4663.542864
COM,2007,734.8228633
CPV,2007,3129.818793
CRI,2007,5897.527844
CSS,2007,8647.683897
CUB,2007,5185.382272
CYP,2007,27860.27611
CZE,2007,17527.3572
DEU,2007,40402.99008
DJI,2007,1061.637092
DMA,2007,5915.10601
DNK,2007,57021.17318
DOM,2007,4297.518094
DZA,2007,3845.847296
EAP,2007,2426.867157
EAS,2007,5502.088128
ECA,2007,5608.558167
ECS,2007,23193.78986
ECU,2007,3574.877893
EGY,2007,1757.760484
EMU,2007,37512.35798
ERI,2007,252.9776299
ESP,2007,31871.06845
EST,2007,16381.05646
ETH,2007,235.8956606
EUU,2007,34097.24682
FIN,2007,46538.17128
FJI,2007,4075.991405
FRA,2007,40341.91513
FRO,2007,45974.69186
FSM,2007,2434.806287
GAB,2007,7994.304825
GBR,2007,46610.53107
GEO,2007,2317.988501
GHA,2007,1099.084759
GIN,2007,411.4847069
GMB,2007,522.3399183
GNB,2007,465.3402625
GNQ,2007,19660.08038
GRC,2007,27288.32662
GRD,2007,7373.819386
GRL,2007,37516.75092
GTM,2007,2561.4419
GUY,2007,2258.981381
HIC,2007,34473.62458
HKG,2007,30594.01784
HND,2007,1710.05132
HPC,2007,571.488484
HRV,2007,13376.00923
HTI,2007,627.6501835
HUN,2007,13534.7055
IDN,2007,1871.288406
IMN,2007,49817.44469
IND,2007,1068.678519
IRL,2007,59008.31468
IRN,2007,3983.582294
IRQ,2007,3091.015329
ISL,2007,65566.30917
ISR,2007,24368.45395
ITA,2007,35826.02346
JAM,2007,4815.078502
JOR,2007,3022.541954
JPN,2007,34094.88711
KAZ,2007,6771.416639
KEN,2007,721.4590107
KGZ,2007,721.7686908
KHM,2007,628.4268517
KIR,2007,1316.956881
KNA,2007,13658.66039
KOR,2007,21590.26019
KSV,2007,2736.487102
KWT,2007,44902.31827
LAC,2007,6455.626898
LAO,2007,702.2701311
LBN,2007,6052.620352
LBR,2007,209.8140849
LBY,2007,12418.18359
LCA,2007,6655.388333
LCN,2007,6747.983853
LDC,2007,550.6536802
LIC,2007,405.6463058
LIE,2007,130348.5591
LKA,2007,1614.41111
LMC,2007,1286.019672
LMY,2007,2413.793843
LSO,2007,816.8001863
LTU,2007,12101.64505
LUX,2007,106919.5314
LVA,2007,13073.381
MAC,2007,36606.78267
MAR,2007,2416.263549
MCO,2007,170632.9562
MDA,2007,1230.809811
MDG,2007,379.0664996
MDV,2007,5002.542049
MEA,2007,5729.807012
MEX,2007,9191.057357
MHL,2007,2871.313853
MIC,2007,2741.717014
MKD,2007,3891.895346
MLI,2007,561.4963327
MLT,2007,18474.03817
MNA,2007,3009.256834
MNE,2007,5938.583852
MNG,2007,1631.90104
MOZ,2007,362.4324248
MRT,2007,1008.024395
MUS,2007,6182.200111
MWI,2007,265.9969075
MYS,2007,7218.397454
NAC,2007,47609.28016
NAM,2007,4234.925154
NER,2007,302.2664078
NGA,2007,1130.879787
NIC,2007,1330.818111
NLD,2007,47770.80121
NOC,2007,14390.10555
NOR,2007,83556.2493
NPL,2007,397.9040179
NZL,2007,31996.76021
OEC,2007,39182.23253
OED,2007,34463.70547
OMN,2007,16305.61341
OSS,2007,3767.206603
PAK,2007,929.5874437
PAN,2007,5669.867438
PER,2007,3794.502643
PHL,2007,1680.551326
PLW,2007,10529.44237
PNG,2007,989.3194596
POL,2007,11157.27319
PRI,2007,23369.05018
PRT,2007,21980.6853
PRY,2007,2259.082735
PSS,2007,2876.632044
QAT,2007,69166.96005
ROU,2007,8170.143463
RUS,2007,9146.41636
RWA,2007,376.5202283
SAS,2007,981.821143
SAU,2007,16048.58205
SDN,2007,1083.457884
SEN,2007,947.8898048
SGP,2007,38762.59348
SLB,2007,1191.142463
SLE,2007,398.4377298
SLV,2007,3283.530558
SMR,2007,55556.96688
SRB,2007,5276.932421
SSA,2007,1089.606371
SSD,2007,
SSF,2007,1104.51856
SST,2007,4911.820105
STP,2007,882.9136217
SUR,2007,5753.178227
SVK,2007,15649.20474
SVN,2007,23441.00062
SWE,2007,50558.39553
SWZ,2007,2690.647766
SYC,2007,12155.70159
SYR,2007,2065.539632
TCD,2007,807.7815699
TGO,2007,432.4844132
THA,2007,3737.717255
TJK,2007,523.0606517
TKM,2007,2606.741439
TLS,2007,534.1147003
TON,2007,2943.268847
TTO,2007,16591.39187
TUN,2007,3799.347874
TUR,2007,9312.051871
TUV,2007,2768.434661
TZA,2007,421.3001839
UGA,2007,400.0427938
UKR,2007,3068.608998
UMC,2007,4212.341238
URY,2007,7012.535692
USA,2007,48070.38469
UZB,2007,830.4076942
VCT,2007,6278.984959
VEN,2007,8329.640488
VNM,2007,919.1808885
VUT,2007,2392.833398
PSE,2007,
WLD,2007,8502.054513
WSM,2007,2693.792991
YEM,2007,1022.39393
ZAF,2007,5850.958488
COD,2007,175.1042702
ZMB,2007,953.0787078
ZWE,2007,415.375482
ABW,2008,27549.34573
AND,2008,46418.41547
AFG,2008,376.9776699
AGO,2008,4596.268431
ALB,2008,4108.414124
ARB,2008,6249.170346
ARE,2008,46402.64477
ARG,2008,8231.226065
ARM,2008,3916.730427
ATG,2008,15871.50014
AUS,2008,49672.74801
AUT,2008,49679.1107
AZE,2008,5574.603802
BDI,2008,186.8717489
BEL,2008,47374.44813
BEN,2008,739.2561276
BFA,2008,569.6392934
BGD,2008,537.6384971
BGR,2008,6916.84628
BHR,2008,23037.87857
BHS,2008,23674.14021
BIH,2008,4802.466744
BLR,2008,6377.359692
BLZ,2008,4665.740059
BMU,2008,93605.74817
BOL,2008,1695.55733
BRA,2008,8622.708675
BRB,2008,16358.04693
BRN,2008,37093.9909
BTN,2008,1816.751008
BWA,2008,5746.978872
CAF,2008,474.389479
CAN,2008,45199.08253
CHE,2008,68555.37187
CHI,2008,
CHL,2008,10672.25349
CHN,2008,3413.588661
CIV,2008,1282.267081
CMR,2008,1211.304186
COG,2008,3059.226535
COL,2008,5405.10124
COM,2008,816.4782254
CPV,2008,3692.002673
CRI,2008,6581.307506
CSS,2008,9801.130328
CUB,2008,5382.815961
CYP,2008,31928.3968
CZE,2008,21709.91025
DEU,2008,44132.04182
DJI,2008,
DMA,2008,6520.134536
DNK,2008,62596.48854
DOM,2008,4696.951024
DZA,2008,4786.51807
EAP,2008,3045.669565
EAS,2008,6306.734231
ECA,2008,6652.649525
ECS,2008,25374.36822
ECU,2008,4255.851995
EGY,2008,2156.762969
EMU,2008,40862.5958
ERI,2008,256.4375698
ESP,2008,34674.15952
EST,2008,17722.50455
ETH,2008,309.6863662
EUU,2008,36537.68306
FIN,2008,51186.48516
FJI,2008,4301.63219
FRA,2008,43991.69953
FRO,2008,48645.38402
FSM,2008,2500.905686
GAB,2008,10577.91676
GBR,2008,43510.26278
GEO,2008,2919.690052
GHA,2008,1234.437253
GIN,2008,437.8056827
GMB,2008,612.0285776
GNB,2008,555.6594653
GNQ,2008,23511.09709
GRC,2008,30398.78249
GRD,2008,8008.502687
GRL,2008,30883.03497
GTM,2008,2867.482868
GUY,2008,2478.408081
HIC,2008,36566.00158
HKG,2008,31515.66277
HND,2008,1883.233294
HPC,2008,666.6926347
HRV,2008,15695.82145
HTI,2008,664.8202693
HUN,2008,15364.67955
IDN,2008,2178.265663
IMN,2008,
IND,2008,1042.082699
IRL,2008,58810.89305
IRN,2008,4899.31216
IRQ,2008,4472.055182
ISL,2008,53028.78788
ISR,2008,29160.24033
ITA,2008,38563.05305
JAM,2008,5118.703392
JOR,2008,3797.413629
JPN,2008,37972.23721
KAZ,2008,8513.567004
KEN,2008,785.7342003
KGZ,2008,966.3936272
KHM,2008,742.5713353
KIR,2008,1424.038886
KNA,2008,14480.5888
KOR,2008,19028.13033
KSV,2008,3302.923939
KWT,2008,54548.61531
LAC,2008,7452.641831
LAO,2008,886.7596524
LBN,2008,7185.61148
LBR,2008,231.447496
LBY,2008,15853.46151
LCA,2008,6801.653363
LCN,2008,7739.826177
LDC,2008,660.8904347
LIC,2008,470.2349506
LIE,2008,138536.7578
LKA,2008,2013.911088
LMC,2008,1408.207814
LMY,2008,2840.587501
LSO,2008,826.8271068
LTU,2008,14774.70715
LUX,2008,112028.5275
LVA,2008,15463.66028
MAC,2008,40847.05249
MAR,2008,2827.287803
MCO,2008,193892.3223
MDA,2008,1695.972811
MDG,2008,471.442351
MDV,2008,6027.324271
MEA,2008,7091.848614
MEX,2008,9559.793164
MHL,2008,2920.198357
MIC,2008,3231.483368
MKD,2008,4685.62208
MLI,2008,665.0546888
MLT,2008,20895.7805
MNA,2008,3744.691175
MNE,2008,7305.809832
MNG,2008,2135.811338
MOZ,2008,434.5301501
MRT,2008,1107.318275
MUS,2008,7599.986676
MWI,2008,302.497319
MYS,2008,8460.357289
NAC,2008,48099.72522
NAM,2008,4183.231369
NER,2008,366.6306792
NGA,2008,1376.015915
NIC,2008,1456.310349
NLD,2008,52951.03359
NOC,2008,17191.25206
NOR,2008,95189.86593
NPL,2008,477.9321764
NZL,2008,30610.28886
OEC,2008,41126.82648
OED,2008,36188.35887
OMN,2008,23421.35529
OSS,2008,4307.439862
PAK,2008,1018.380734
PAN,2008,6472.978601
PER,2008,4525.220049
PHL,2008,1920.992155
PLW,2008,10516.8508
PNG,2008,1222.793585
POL,2008,13886.47243
PRI,2008,24623.50427
PRT,2008,23860.68105
PRY,2008,2967.406362
PSS,2008,3081.359896
QAT,2008,84812.64384
ROU,2008,9949.354828
RUS,2008,11700.22112
RWA,2008,460.8973249
SAS,2008,984.7730183
SAU,2008,19714.39514
SDN,2008,1253.112383
SEN,2008,1093.763799
SGP,2008,39382.94832
SLB,2008,1282.510575
SLE,2008,452.6968027
SLV,2008,3483.70942
SMR,2008,62188.92859
SRB,2008,6497.842768
SSA,2008,1206.474224
SSD,2008,1674.048322
SSF,2008,1224.419274
SST,2008,5568.016426
STP,2008,1090.411383
SUR,2008,6855.182343
SVK,2008,18201.27352
SVN,2008,27015.08238
SWE,2008,52730.77539
SWZ,2008,2616.946692
SYC,2008,11123.00445
SYR,2008,
TCD,2008,938.4718288
TGO,2008,527.690899
THA,2008,4118.401435
TJK,2008,709.4374422
TKM,2008,3918.917489
TLS,2008,643.652398
TON,2008,3369.211108
TTO,2008,21282.79193
TUN,2008,4331.240807
TUR,2008,10379.49195
TUV,2008,3094.684334
TZA,2008,503.6045469
UGA,2008,448.0668627
UKR,2008,3891.037823
UMC,2008,5086.206208
URY,2008,9067.504668
USA,2008,48407.07691
UZB,2008,1023.119641
VCT,2008,6403.602308
VEN,2008,11223.21131
VNM,2008,1164.563271
VUT,2008,2697.378926
PSE,2008,
WLD,2008,9213.842032
WSM,2008,3128.727157
YEM,2008,1239.957221
ZAF,2008,5511.195079
COD,2008,198.4957712
ZMB,2008,1175.351051
ZWE,2008,345.4074343
ABW,2009,24639.93533
AND,2009,
AFG,2009,450.659239
AGO,2009,3988.683557
ALB,2009,3845.72172
ARB,2009,5256.803865
ARE,2009,33012.81512
ARG,2009,7674.342976
ARM,2009,2913.60061
ATG,2009,14589.59527
AUS,2009,42721.88494
AUT,2009,45872.22098
AZE,2009,4950.294791
BDI,2009,194.8966661
BEL,2009,43834.10286
BEN,2009,712.616527
BFA,2009,553.0423743
BGD,2009,597.7118029
BGR,2009,6524.156879
BHR,2009,19251.12373
BHS,2009,22060.92098
BIH,2009,4433.146179
BLR,2009,5182.630404
BLZ,2009,4446.607489
BMU,2009,88463.31282
BOL,2009,1735.14337
BRA,2009,8373.339742
BRB,2009,16460.75712
BRN,2009,27212.05637
BTN,2009,1795.047501
BWA,2009,5178.439109
CAF,2009,464.5132313
CAN,2009,39775.03652
CHE,2009,65790.06735
CHI,2009,73577.16661
CHL,2009,10120.03883
CHN,2009,3749.272424
CIV,2009,1238.708134
CMR,2009,1102.520394
COG,2009,2401.298155
COL,2009,5116.745989
COM,2009,803.4861078
CPV,2009,3524.330353
CRI,2009,6385.542853
CSS,2009,8190.053791
CUB,2009,5499.120103
CYP,2009,29427.90879
CZE,2009,18883.51343
DEU,2009,40270.16229
DJI,2009,
DMA,2009,6778.660352
DNK,2009,56226.58015
DOM,2009,4731.601223
DZA,2009,3771.284844
EAP,2009,3262.594044
EAS,2009,6436.786858
ECA,2009,5495.416822
ECS,2009,22191.24565
ECU,2009,4236.777555
EGY,2009,2461.530857
EMU,2009,37240.9887
ERI,2009,334.0648852
ESP,2009,31368.51076
EST,2009,14505.72078
ETH,2009,332.0454408
EUU,2009,32523.73227
FIN,2009,44837.71087
FJI,2009,3431.75588
FRA,2009,40487.91731
FRO,2009,44317.30589
FSM,2009,2668.810506
GAB,2009,7919.710893
GBR,2009,35476.35254
GEO,2009,2440.961318
GHA,2009,1096.533657
GIN,2009,435.1756629
GMB,2009,553.0993514
GNB,2009,536.8028066
GNQ,2009,15300.6997
GRC,2009,28451.91733
GRD,2009,7435.639533
GRL,2009,22507.88872
GTM,2009,2697.392484
GUY,2009,2593.37062
HIC,2009,33803.20943
HKG,2009,30697.34038
HND,2009,1939.282455
HPC,2009,642.4690474
HRV,2009,14053.78247
HTI,2009,662.5860588
HUN,2009,12634.55114
IDN,2009,2272.040995
IMN,2009,
IND,2009,1147.238685
IRL,2009,49707.67922
IRN,2009,4931.282897
IRQ,2009,3701.861626
ISL,2009,38039.29963
ISR,2009,27491.5133
ITA,2009,35073.15802
JAM,2009,4491.472743
JOR,2009,4027.052081
JPN,2009,39473.36291
KAZ,2009,7165.278669
KEN,2009,767.8737535
KGZ,2009,871.2182975
KHM,2009,735.4192635
KIR,2009,1320.48003
KNA,2009,13316.33949
KOR,2009,16958.63929
KSV,2009,3198.925592
KWT,2009,37160.54324
LAC,2009,6916.576115
LAO,2009,930.5859445
LBN,2009,8159.021981
LBR,2009,302.2803524
LBY,2009,10455.57487
LCA,2009,6700.514448
LCN,2009,7196.182955
LDC,2009,637.5465908
LIC,2009,479.1194312
LIE,2009,134617.3796
LKA,2009,2057.113672
LMC,2009,1421.085539
LMY,2009,2798.471207
LSO,2009,862.7867207
LTU,2009,11649.43463
LUX,2009,99281.76831
LVA,2009,12082.06368
MAC,2009,40859.98718
MAR,2009,2861.027067
MCO,2009,153042.3496
MDA,2009,1525.526119
MDG,2009,419.0909429
MDV,2009,6208.59551
MEA,2009,6180.313329
MEX,2009,7690.546308
MHL,2009,2895.641627
MIC,2009,3185.05497
MKD,2009,4433.857082
MLI,2009,661.1317114
MLT,2009,19636.00628
MNA,2009,3528.984985
MNE,2009,6712.623621
MNG,2009,1715.363735
MOZ,2009,414.110156
MRT,2009,860.9083679
MUS,2009,6928.972012
MWI,2009,345.1947614
MYS,2009,7277.762756
NAC,2009,46293.30459
NAM,2009,4133.058699
NER,2009,352.6851141
NGA,2009,1090.746284
NIC,2009,1420.105166
NLD,2009,48173.90657
NOC,2009,13960.7166
NOR,2009,78457.42178
NPL,2009,484.266814
NZL,2009,27474.33318
OEC,2009,38476.77076
OED,2009,33637.82916
OMN,2009,18114.47826
OSS,2009,3660.749483
PAK,2009,988.5873474
PAN,2009,6682.502518
PER,2009,4495.159279
PHL,2009,1831.974486
PLW,2009,9709.267999
PNG,2009,1180.431925
POL,2009,11294.86775
PRI,2009,25497.15138
PRT,2009,22153.09543
PRY,2009,2513.62828
PSS,2009,2644.748444
QAT,2009,62527.63527
ROU,2009,8068.95673
RUS,2009,8615.658757
RWA,2009,498.8454588
SAS,2009,1068.170368
SAU,2009,16013.2804
SDN,2009,1190.793925
SEN,2009,1017.968601
SGP,2009,37859.7942
SLB,2009,1167.65267
SLE,2009,435.109412
SLV,2009,3341.320201
SMR,2009,
SRB,2009,5497.956698
SSA,2009,1114.877494
SSD,2009,1245.038171
SSF,2009,1126.380551
SST,2009,4690.913149
STP,2009,1134.113593
SUR,2009,7450.232588
SVK,2009,16196.28137
SVN,2009,24051.03607
SWE,2009,43639.54832
SWZ,2009,2693.516041
SYC,2009,9707.265361
SYR,2009,
TCD,2009,813.7560302
TGO,2009,514.7730045
THA,2009,3978.905381
TJK,2009,668.6205461
TKM,2009,4059.973975
TLS,2009,744.7271391
TON,2009,3075.816179
TTO,2009,14557.01681
TUN,2009,4177.130224
TUR,2009,8626.398166
TUV,2009,2763.18442
TZA,2009,504.2002377
UGA,2009,451.0815515
UKR,2009,2545.480341
UMC,2009,4993.655075
URY,2009,8995.692612
USA,2009,46998.82042
UZB,2009,1181.84736
VCT,2009,6154.220234
VEN,2009,11524.98053
VNM,2009,1232.369671
VUT,2009,2642.931499
PSE,2009,
WLD,2009,8625.557146
WSM,2009,2712.407415
YEM,2009,1130.476401
ZAF,2009,5654.492378
COD,2009,185.2322376
ZMB,2009,998.4404343
ZWE,2009,475.8538049
ABW,2010,24289.14152
AND,2010,
AFG,2010,561.1976175
AGO,2010,4218.649126
ALB,2010,3764.326348
ARB,2010,6054.64084
ARE,2010,34048.51735
ARG,2010,9132.957259
ARM,2010,3124.788199
ATG,2010,13315.24327
AUS,2010,51824.79842
AUT,2010,45016.70385
AZE,2010,5843.169753
BDI,2010,219.5297995
BEL,2010,43242.35118
BEN,2010,689.6483313
BFA,2010,592.6074699
BGD,2010,664.0642317
BGR,2010,6453.476711
BHR,2010,20545.96945
BHS,2010,21881.08394
BIH,2010,4361.877138
BLR,2010,5818.854859
BLZ,2010,4529.885449
BMU,2010,88207.32756
BOL,2010,1934.675258
BRA,2010,10978.09355
BRB,2010,15812.27978
BRN,2010,30880.34486
BTN,2010,2211.232907
BWA,2010,6980.361809
CAF,2010,456.5634087
CAN,2010,46376.33804
CHE,2010,70370.01637
CHI,2010,
CHL,2010,12684.93232
CHN,2010,4433.36122
CIV,2010,1207.84514
CMR,2010,1090.619066
COG,2010,2920.406708
COL,2010,6179.399054
COM,2010,795.4784368
CPV,2010,3413.263369
CRI,2010,7773.185476
CSS,2010,8601.696407
CUB,2010,5701.962671
CYP,2010,27889.03718
CZE,2010,18948.59879
DEU,2010,40407.96125
DJI,2010,
DMA,2010,6630.195154
DNK,2010,56451.73571
DOM,2010,5166.150359
DZA,2010,4349.569325
EAP,2010,3885.15356
EAS,2010,7421.421599
ECA,2010,6170.287866
ECS,2010,22645.56753
ECU,2010,4500.591558
EGY,2010,2803.532963
EMU,2010,36371.59244
ERI,2010,368.7477582
ESP,2010,29732.43795
EST,2010,14245.55631
ETH,2010,301.8388264
EUU,2010,32275.86326
FIN,2010,44134.04836
FJI,2010,3747.674635
FRA,2010,39443.18961
FRO,2010,
FSM,2010,2838.448841
GAB,2010,9321.955869
GBR,2010,36424.52901
GEO,2010,2613.689508
GHA,2010,1326.066112
GIN,2010,435.448888
GMB,2010,566.3353254
GNB,2010,526.5210239
GNQ,2010,17612.75793
GRC,2010,26020.1481
GRD,2010,7485.905205
GRL,2010,
GTM,2010,2882.400219
GUY,2010,2873.951538
HIC,2010,35427.09199
HKG,2010,32558.26248
HND,2010,2063.931749
HPC,2010,690.7051171
HRV,2010,13326.50628
HTI,2010,670.4032924
HUN,2010,12750.29865
IDN,2010,2946.656059
IMN,2010,
IND,2010,1417.066965
IRL,2010,45916.68284
IRN,2010,5674.923927
IRQ,2010,4612.523476
ISL,2010,39507.14423
ISR,2010,30389.10758
ITA,2010,33982.14655
JAM,2010,4906.674832
JOR,2010,4370.721033
JPN,2010,43117.76827
KAZ,2010,9070.957765
KEN,2010,787.0639352
KGZ,2010,880.0385141
KHM,2010,782.6188886
KIR,2010,1539.047436
KNA,2010,12904.06685
KOR,2010,20540.02478
KSV,2010,3238.646286
KWT,2010,40090.74627
LAC,2010,8451.501228
LAO,2010,1122.852316
LBN,2010,8551.852416
LBR,2010,326.6042804
LBY,2010,
LCA,2010,6814.396924
LCN,2010,8758.781148
LDC,2010,700.0594829
LIC,2010,512.8091613
LIE,2010,
LKA,2010,2400.015575
LMC,2010,1764.779932
LMY,2010,3345.523377
LSO,2010,1097.02433
LTU,2010,11722.01438
LUX,2010,102678.7979
LVA,2010,11446.50818
MAC,2010,53045.87903
MAR,2010,2822.733739
MCO,2010,145229.8379
MDA,2010,1631.540981
MDG,2010,419.2238133
MDV,2010,6552.484491
MEA,2010,7081.201037
MEX,2010,8884.560103
MHL,2010,3112.840467
MIC,2010,3822.03807
MKD,2010,4442.295954
MLI,2010,673.6946614
MLT,2010,19695.25572
MNA,2010,4001.590654
MNE,2010,6635.90802
MNG,2010,2285.645378
MOZ,2010,386.9631655
MRT,2010,1017.166278
MUS,2010,7586.969533
MWI,2010,359.5795268
MYS,2010,8754.24282
NAC,2010,48169.03658
NAM,2010,5078.51302
NER,2010,359.801242
NGA,2010,2293.885305
NIC,2010,1474.748819
NLD,2010,46773.35381
NOC,2010,16372.21243
NOR,2010,86155.52905
NPL,2010,596.3785934
NZL,2010,32796.09016
OEC,2010,39943.05168
OED,2010,35043.32907
OMN,2010,20983.90034
OSS,2010,4271.753009
PAK,2010,1024.588886
PAN,2010,7229.112201
PER,2010,5386.007238
PHL,2010,2135.918407
PLW,2010,9601.530341
PNG,2010,1382.143749
POL,2010,12302.02992
PRI,2010,26106.38803
PRT,2010,21653.00142
PRY,2010,3100.50164
PSS,2010,2904.19054
QAT,2010,72773.3142
ROU,2010,8139.146673
RUS,2010,10709.51196
RWA,2010,519.0223545
SAS,2010,1289.145334
SAU,2010,19326.58255
SDN,2010,1422.368103
SEN,2010,998.5995764
SGP,2010,45639.35243
SLB,2010,1289.067051
SLE,2010,447.7533238
SLV,2010,3444.456148
SMR,2010,
SRB,2010,5073.074945
SSA,2010,1465.27363
SSD,2010,1526.917011
SSF,2010,1478.426715
SST,2010,5215.628153
STP,2010,1127.981667
SUR,2010,8320.64783
SVK,2010,16151.0909
SVN,2010,22897.93876
SWE,2010,49359.86692
SWZ,2010,3093.53953
SYC,2010,10805.09942
SYR,2010,
TCD,2010,909.2999069
TGO,2010,503.1617885
THA,2010,4802.662758
TJK,2010,739.7378228
TKM,2010,4392.719583
TLS,2010,817.766621
TON,2010,3546.77782
TTO,2010,15561.84749
TUN,2010,4206.779922
TUR,2010,10135.42092
TUV,2010,3238.496111
TZA,2010,524.6937886
UGA,2010,471.6772799
UKR,2010,2973.981709
UMC,2010,5948.181951
URY,2010,11520.2937
USA,2010,48357.68451
UZB,2010,1377.082143
VCT,2010,6172.582317
VEN,2010,13559.33182
VNM,2010,1333.583526
VUT,2010,2965.75121
PSE,2010,
WLD,2010,9339.423405
WSM,2010,3075.651529
YEM,2010,1363.735831
ZAF,2010,7136.963299
COD,2010,211.2643588
ZMB,2010,1224.953863
ZWE,2010,568.4275419
ABW,2011,25354.78247
AND,2011,
AFG,2011,613.9791916
AGO,2011,5159.233666
ALB,2011,4109.082012
ARB,2011,7214.844231
ARE,2011,39057.83706
ARG,2011,10951.58273
ARM,2011,3421.726556
ATG,2011,12420.16276
AUS,2011,62080.98242
AUT,2011,49485.48219
AZE,2011,7189.815151
BDI,2011,246.9143271
BEL,2011,46463.72961
BEN,2011,745.9154748
BFA,2011,649.92523
BGD,2011,731.8941678
BGR,2011,7286.643902
BHR,2011,22466.88388
BHS,2011,21490.35708
BIH,2011,4754.074234
BLR,2011,6305.773662
BLZ,2011,4720.816998
BMU,2011,85973.15842
BOL,2011,2319.608523
BRA,2011,12575.97941
BRB,2011,15503.32855
BRN,2011,40244.31182
BTN,2011,2513.936759
BWA,2011,7697.396215
CAF,2011,498.7800669
CAN,2011,50578.34602
CHE,2011,83087.05284
CHI,2011,
CHL,2011,14512.61129
CHN,2011,5447.341422
CIV,2011,1241.561111
CMR,2011,1204.698212
COG,2011,3414.05471
COL,2011,7148.863695
COM,2011,871.6920171
CPV,2011,3801.449765
CRI,2011,8660.830835
CSS,2011,9199.055221
CUB,2011,6051.222001
CYP,2011,29206.5106
CZE,2011,20580.17767
DEU,2011,44354.68494
DJI,2011,
DMA,2011,6780.537527
DNK,2011,59897.52954
DOM,2011,5492.654983
DZA,2011,5271.590312
EAP,2011,4699.736097
EAS,2011,8510.096265
ECA,2011,6842.346539
ECS,2011,24849.9942
ECU,2011,5035.242493
EGY,2011,2972.583516
EMU,2011,39153.48417
ERI,2011,439.5423714
ESP,2011,31117.89747
EST,2011,16885.72557
ETH,2011,334.7154777
EUU,2011,34859.24887
FIN,2011,48677.76563
FJI,2011,4324.685529
FRA,2011,42559.9237
FRO,2011,
FSM,2011,3000.150055
GAB,2011,11768.60629
GBR,2011,39186.43841
GEO,2011,3219.569963
GHA,2011,1594.030809
GIN,2011,454.0022776
GMB,2011,517.752432
GNB,2011,595.8292485
GNQ,2011,23473.43564
GRC,2011,26061.44027
GRD,2011,7766.473216
GRL,2011,
GTM,2011,3242.690796
GUY,2011,3258.048188
HIC,2011,38190.01328
HKG,2011,35172.51773
HND,2011,2261.649191
HPC,2011,748.9239372
HRV,2011,14434.70172
HTI,2011,732.2093375
HUN,2011,13783.84074
IDN,2011,3471.434594
IMN,2011,
IND,2011,1539.603788
IRL,2011,49387.27333
IRN,2011,7006.047183
IRQ,2011,6019.42088
ISL,2011,44030.57988
ISR,2011,33250.5065
ITA,2011,36180.04465
JAM,2011,5334.574171
JOR,2011,4665.94354
JPN,2011,46134.56824
KAZ,2011,11358.00746
KEN,2011,799.9612452
KGZ,2011,1124.077623
KHM,2011,878.3830178
KIR,2011,1735.554046
KNA,2011,13198.36438
KOR,2011,22388.19808
KSV,2011,3705.674351
KWT,2011,51396.85386
LAC,2011,9345.310752
LAO,2011,1265.709344
LBN,2011,9148.129013
LBR,2011,376.9284544
LBY,2011,
LCA,2011,7023.324363
LCN,2011,9686.5129
LDC,2011,777.7167846
LIC,2011,564.0684368
LIE,2011,
LKA,2011,2835.991594
LMC,2011,1969.112486
LMY,2011,3843.476383
LSO,2011,1243.909506
LTU,2011,14158.00684
LUX,2011,111913.1844
LVA,2011,13827.36026
MAC,2011,67359.47356
MAR,2011,3044.107888
MCO,2011,163025.859
MDA,2011,1970.569953
MDG,2011,457.207965
MDV,2011,6487.561793
MEA,2011,8467.650609
MEX,2011,9717.473061
MHL,2011,3251.738261
MIC,2011,4400.893429
MKD,2011,4961.808783
MLI,2011,740.5223214
MLT,2011,21985.33916
MNA,2011,4696.266297
MNE,2011,7253.452092
MNG,2011,3181.104401
MOZ,2011,511.2994942
MRT,2011,1154.065936
MUS,2011,8748.144166
MWI,2011,363.6415594
MYS,2011,10058.04302
NAC,2011,49932.35102
NAM,2011,5692.188831
NER,2011,388.3267312
NGA,2011,2518.631878
NIC,2011,1631.723928
NLD,2011,49886.28451
NOC,2011,19584.4
NOR,2011,99172.62005
NPL,2011,704.1858488
NZL,2011,36918.78818
OEC,2011,42623.15521
OED,2011,37379.44736
OMN,2011,23132.9389
OSS,2011,4993.656683
PAK,2011,1213.931385
PAN,2011,8372.577255
PER,2011,6112.164626
PHL,2011,2357.570924
PLW,2011,10332.10326
PNG,2011,1767.238662
POL,2011,13382.07215
PRI,2011,26733.76117
PRT,2011,22532.50772
PRY,2011,3956.729482
PSS,2011,3309.704019
QAT,2011,90804.66726
ROU,2011,9063.676031
RUS,2011,13284.0326
RWA,2011,570.1668828
SAS,2011,1416.13052
SAU,2011,24116.17413
SDN,2011,1537.598665
SEN,2011,1083.261675
SGP,2011,51241.73968
SLB,2011,1610.924286
SLE,2011,501.0232247
SLV,2011,3698.546188
SMR,2011,
SRB,2011,5964.095198
SSA,2011,1607.28176
SSD,2011,1844.300643
SSF,2011,1625.038436
SST,2011,5872.618123
STP,2011,1355.447344
SUR,2011,8236.202918
SVK,2011,17760.41438
SVN,2011,24478.34954
SWE,2011,56755.33193
SWZ,2011,3274.387294
SYC,2011,12289.2563
SYR,2011,
TCD,2011,1006.319771
TGO,2011,569.4697158
THA,2011,5192.118907
TJK,2011,834.6405524
TKM,2011,5724.541586
TLS,2011,959.5366874
TON,2011,4046.11987
TTO,2011,17686.72718
TUN,2011,4350.335976
TUR,2011,10604.84015
TUV,2011,3993.651838
TZA,2011,530.3948552
UGA,2011,440.8015213
UKR,2011,3575.507325
UMC,2011,6932.428853
URY,2011,13723.92185
USA,2011,49853.68234
UZB,2011,1544.827688
VCT,2011,6291.264323
VEN,2011,10727.98257
VNM,2011,1543.02695
VUT,2011,3252.134993
PSE,2011,
WLD,2011,10224.25079
WSM,2011,3361.961671
YEM,2011,1448.558399
ZAF,2011,7789.944597
COD,2011,245.5826551
ZMB,2011,1408.561319
ZWE,2011,663.6426223
ABW,2012,
AND,2012,
AFG,2012,687.245475
AGO,2012,5482.428049
ALB,2012,3999.92531
ARB,2012,7610.962757
ARE,2012,41691.69503
ARG,2012,11573.06497
ARM,2012,3351.381364
ATG,2012,12733.49043
AUS,2012,67441.59339
AUT,2012,46791.781
AZE,2012,7165.031956
BDI,2012,251.014523
BEL,2012,43398.69051
BEN,2012,751.9163168
BFA,2012,651.6532781
BGD,2012,752.1560525
BGR,2012,6976.853444
BHR,2012,23039.68422
BHS,2012,21908.28046
BIH,2012,4555.64457
BLR,2012,6685.018749
BLZ,2012,
BMU,2012,84460.32775
BOL,2012,2575.683695
BRA,2012,11339.52111
BRB,2012,14917.14951
BRN,2012,41126.61284
BTN,2012,2398.905819
BWA,2012,7238.019365
CAF,2012,482.6697266
CAN,2012,51206.15559
CHE,2012,78927.59791
CHI,2012,
CHL,2012,15452.1736
CHN,2012,6091.014352
CIV,2012,1243.986075
CMR,2012,1166.91341
COG,2012,3153.739461
COL,2012,7747.841321
COM,2012,830.5196682
CPV,2012,3695.424487
CRI,2012,9386.304835
CSS,2012,9323.414144
CUB,2012,
CYP,2012,26070.36743
CZE,2012,18689.96717
DEU,2012,42597.36708
DJI,2012,
DMA,2012,6691.714872
DNK,2012,56363.94482
DOM,2012,5745.779878
DZA,2012,5347.704734
EAP,2012,5186.5832
EAS,2012,9039.608879
ECA,2012,6888.573415
ECS,2012,23847.70982
ECU,2012,5424.633611
EGY,2012,3256.018469
EMU,2012,36648.76744
ERI,2012,504.3021912
ESP,2012,28273.71958
EST,2012,16832.8005
ETH,2012,454.7952305
EUU,2012,32954.0833
FIN,2012,45694.1147
FJI,2012,4467.103791
FRA,2012,39746.29293
FRO,2012,
FSM,2012,3154.513862
GAB,2012,11256.52276
GBR,2012,38919.60036
GEO,2012,3506.64458
GHA,2012,1604.905782
GIN,2012,491.7899781
GMB,2012,506.5979066
GNB,2012,494.3146151
GNQ,2012,24035.70609
GRC,2012,22441.52132
GRD,2012,7266.675457
GRL,2012,
GTM,2012,3330.52523
GUY,2012,3583.96217
HIC,2012,38283.81743
HKG,2012,36795.81988
HND,2012,2322.88056
HPC,2012,777.942289
HRV,2012,13878.58455
HTI,2012,770.9512406
HUN,2012,12560.07461
IDN,2012,3556.785714
IMN,2012,
IND,2012,1502.999958
IRL,2012,45921.31638
IRN,2012,7228.018308
IRQ,2012,6625.223216
ISL,2012,42339.46285
ISR,2012,32567.08894
ITA,2012,33815.66802
JAM,2012,5449.081869
JOR,2012,4909.028094
JPN,2012,46730.91845
KAZ,2012,12120.50855
KEN,2012,942.5408848
KGZ,2012,1154.737445
KHM,2012,944.4142464
KIR,2012,1736.198171
KNA,2012,14313.97432
KOR,2012,22589.95903
KSV,2012,3566.587671
KWT,2012,56373.73085
LAC,2012,9191.98324
LAO,2012,1417.079558
LBN,2012,9705.392234
LBR,2012,413.7574149
LBY,2012,
LCA,2012,6848.237633
LCN,2012,9575.216481
LDC,2012,802.8798528
LIC,2012,597.528009
LIE,2012,
LKA,2012,2923.209829
LMC,2012,2009.539523
LMY,2012,4000.301894
LSO,2012,1193.039051
LTU,2012,14172.26877
LUX,2012,103858.027
LVA,2012,13946.96589
MAC,2012,78275.14752
MAR,2012,2902.329958
MCO,2012,
MDA,2012,2037.570226
MDG,2012,447.4371289
MDV,2012,6566.647551
MEA,2012,8875.108883
MEX,2012,9748.868686
MHL,2012,3470.649795
MIC,2012,4585.368224
MKD,2012,4565.269884
MLI,2012,699.3414362
MLT,2012,20838.88359
MNA,2012,4896.593551
MNE,2012,7041.224593
MNG,2012,3672.96694
MOZ,2012,565.1507459
MRT,2012,1106.136947
MUS,2012,8119.546956
MWI,2012,268.0539113
MYS,2012,10432.06247
NAC,2012,51700.5849
NAM,2012,5785.748182
NER,2012,394.7758309
NGA,2012,2722.298481
NIC,2012,1753.642367
NLD,2012,45960.13933
NOC,2012,20583.58004
NOR,2012,99635.87453
NPL,2012,690.2053853
NZL,2012,38636.8671
OEC,2012,42538.02748
OED,2012,37261.55426
OMN,2012,23569.93672
OSS,2012,4856.027021
PAK,2012,1256.65956
PAN,2012,9534.408425
PER,2012,6795.772498
PHL,2012,2587.016762
PLW,2012,11005.86563
PNG,2012,2184.163461
POL,2012,12710.11783
PRI,2012,27677.52559
PRT,2012,20175.05991
PRY,2012,3813.471488
PSS,2012,3466.910235
QAT,2012,93825.30641
ROU,2012,8437.43383
RUS,2012,14037.01545
RWA,2012,619.9270577
SAS,2012,1396.4675
SAU,2012,25136.21482
SDN,2012,1580.004017
SEN,2012,1023.294355
SGP,2012,52051.80877
SLB,2012,1834.839705
SLE,2012,634.922793
SLV,2012,3789.567558
SMR,2012,
SRB,2012,5189.579379
SSA,2012,1629.247658
SSD,2012,943.0432659
SSF,2012,1647.461145
SST,2012,5811.708937
STP,2012,1400.325245
SUR,2012,9376.495375
SVK,2012,16892.55198
SVN,2012,22058.7659
SWE,2012,55039.5738
SWZ,2012,3041.850459
SYC,2012,12782.73355
SYR,2012,
TCD,2012,1035.257946
TGO,2012,574.1195223
THA,2012,5479.76058
TJK,2012,953.0058373
TKM,2012,6797.734307
TLS,2012,1068.38931
TON,2012,4493.720255
TTO,2012,17436.50121
TUN,2012,4236.793631
TUR,2012,10666.05568
TUV,2012,4044.189464
TZA,2012,608.7158943
UGA,2012,551.1559751
UKR,2012,3866.989792
UMC,2012,7285.216348
URY,2012,14702.80039
USA,2012,51748.56149
UZB,2012,1716.661763
VCT,2012,6515.217548
VEN,2012,12728.72685
VNM,2012,1755.265424
VUT,2012,3183.155758
PSE,2012,
WLD,2012,10318.42481
WSM,2012,3619.689904
YEM,2012,1498.261568
ZAF,2012,7351.756648
COD,2012,261.836335
ZMB,2012,1462.887261
ZWE,2012,714.2330072
